{"assets/images/avatar.png":["assets/images/avatar.png"],"assets/images/maria_01.jpeg":["assets/images/maria_01.jpeg"],"assets/images/maria_02.jpeg":["assets/images/maria_02.jpeg"],"assets/images/maria_03.jpeg":["assets/images/maria_03.jpeg"],"assets/images/maria_04.jpeg":["assets/images/maria_04.jpeg"],"assets/images/p1.jpg":["assets/images/p1.jpg"],"assets/images/p2.jpg":["assets/images/p2.jpg"],"assets/images/p3.jpg":["assets/images/p3.jpg"],"assets/images/p4.jpg":["assets/images/p4.jpg"],"assets/images/p5.jpg":["assets/images/p5.jpg"],"assets/images/p6.jpg":["assets/images/p6.jpg"],"assets/images/p7.jpg":["assets/images/p7.jpg"],"assets/images/pexels-lucas-allmann-442540.jpg":["assets/images/pexels-lucas-allmann-442540.jpg"],"assets/images/pexels-ruca-souza-1049690.jpg":["assets/images/pexels-ruca-souza-1049690.jpg"],"assets/images/pexels-victor-freitas-733767.jpg":["assets/images/pexels-victor-freitas-733767.jpg"],"assets/loading_music_node_outOfOrder.gif":["assets/loading_music_node_outOfOrder.gif"],"assets/music.svg":["assets/music.svg"],"assets/music/Duckpond_Titelmusik.mp3":["assets/music/Duckpond_Titelmusik.mp3"],"assets/music/Freejazz.mp3":["assets/music/Freejazz.mp3"],"assets/music/Jazzfunk.mp3":["assets/music/Jazzfunk.mp3"],"assets/music/Jazztronica.mp3":["assets/music/Jazztronica.mp3"],"assets/music/Latin.mp3":["assets/music/Latin.mp3"],"assets/music_logo.png":["assets/music_logo.png"],"packages/cupertino_icons/assets/CupertinoIcons.ttf":["packages/cupertino_icons/assets/CupertinoIcons.ttf"]}